{
"name": "Name",
 "schema": [

  {
  "Type": "TextBox",
  "Default": "10",
  "Group": "dummy1",
  "HelpText": "This is UUID",
  "Required": "True",
  "Label": "UUID"

  },
  {
    "Type": "TextBox",
    "Default": "10",
    "Group": "dummy2",
    "HelpText": "This is Project Name",
    "Required": "True",
    "Label": "Project Name"
    },
    {
      "Type": "CheckBox",
      "Default": "1",
      "Group": "dummy3",
      "HelpText": "",
      "Required": "True",
      "Label": "Working"
      },
    {
      "Type": "radio",
      "Default": "1",
      "Group": "gender",
      "HelpText": "",
      "Required": "True",
      "Label": "Active"
      },
      {
        "Type": "radio",
        "Default": "0",
        "Group": "gender",
        "HelpText": "",
        "Required": "True",
        "Label": "Passive"
        }
]}
